# Table S1. Information of the strong repeating earthquakes used in this study,,,,,,,,,,
# Pair ID,aRelative relocation,,,,Information of the repeating events,,,,,,Horizontal seperation (m),Azimuth (°) ,bVertical seperationb (m),cOrigin time correction (s),Date ,Time,Latitude (°),Longitude (°),Depth (km),Magnitude
1991245_2004254,285,262,-48,0.3360 ,1991/09/02,03:03:42.950,42.292,143.019,65.6,5.2
,,,,,2004/09/10,04:22:10.110,42.392,142.954,51.8,5.0
1991262_2011260,295,306,414,4.7712 ,1991/09/19,01:41:48.040,48.818,154.870,35.2,5.3
,,,,,2011/09/17,08:59:30.470,48.909,154.739,61.9,5.2
1992322_2015353,500,78,102,1.0622 ,1992/11/17,04:24:16.460,-30.588,-71.172,54.1,5.3
,,,,,2015/12/19,19:25:05.560,-30.605,-71.306,48.3,5.8
1993044_2015113,65,315,-474,1.2192 ,1993/02/13,21:19:36.030,51.720,176.447,33.0,5.1
,,,,,2015/04/23,14:57:27.750,51.750,176.335,31.0,5.0
1993046_1998134,296,27,500,-0.8363 ,1993/02/15,12:02:13.450,-20.040,169.187,45.5,5.1
,,,,,1998/05/14,20:03:17.660,-20.119,169.276,49.2,5.2
1993096_2001254,72,313,-224,-1.6981 ,1993/04/06,00:59:13.670,45.481,150.711,46.6,5.2
,,,,,2001/09/11,18:21:09.230,45.447,150.683,33.0,5.5
1993197_2015070,134,293,-255,-1.6131 ,1993/07/16,12:55:36.130,10.810,-86.270,25.8,5.3
,,,,,2015/03/11,16:23:37.870,10.656,-86.402,12.0,5.2
1993198_2015246,155,320,-195,1.5298 ,1993/07/17,17:17:30.030,2.036,126.678,63.0,5.5
,,,,,2015/09/03,13:24:00.690,2.055,126.682,53.0,5.5
1993309_2004130,424,213,370,2.1233 ,1993/11/05,07:02:06.110,-7.033,106.101,74.8,5.2
,,,,,2004/05/09,22:25:31.130,-6.944,106.178,78.3,5.2
1993362_2008059,162,301,-120,2.5531 ,1993/12/28,22:20:47.580,49.356,155.614,53.6,5.1
,,,,,2008/02/28,11:55:06.130,49.370,155.543,60.1,5.1
1994113_1995008,0,316,0,-0.1070 ,1994/04/23,19:36:45.830,40.154,142.506,45.9,5.1
,,,,,1995/01/08,09:37:13.960,40.184,142.449,44.5,5.0
1994113_2013206,146,171,-158,1.8786 ,1994/04/23,19:36:45.830,40.154,142.506,45.9,5.1
,,,,,2013/07/25,19:05:07.130,40.199,142.472,44.9,5.0
1994191_2010155,364,52,-169,0.7418 ,1994/07/10,23:14:06.450,36.478,70.150,230.4,5.2
,,,,,2010/06/04,11:49:41.580,36.501,70.170,220.6,5.1
1994215_2013295,361,163,-118,0.8482 ,1994/08/03,01:22:20.090,-6.363,154.943,54.1,5.4
,,,,,2013/10/22,21:15:51.220,-6.345,154.966,50.0,5.5
1994217_2008176,224,136,-249,-0.8511 ,1994/08/05,03:39:05.250,-3.177,101.466,68.5,5.4
,,,,,2008/06/24,19:14:44.150,-3.185,101.433,49.0,5.1
1994217_2011170,389,146,-226,-0.0207 ,1994/08/05,03:39:05.250,-3.177,101.466,68.5,5.4
,,,,,2011/06/19,04:15:58.980,-3.247,101.361,57.1,5.4
1994277_1994279,309,274,365,1.0169 ,1994/10/04,15:43:07.800,43.287,148.151,25.0,5.3
,,,,,1994/10/06,07:46:35.440,43.239,148.061,32.7,5.6
1994277_2002248,277,286,-149,2.5967 ,1994/10/04,12:09:40.150,-6.218,104.891,24.3,5.2
,,,,,2002/09/05,00:14:42.090,-6.199,104.876,43.7,5.2
1994277_2017312,147,357,-303,2.4393 ,1994/10/04,12:09:40.150,-6.218,104.891,24.3,5.2
,,,,,2017/11/08,19:17:06.960,-6.507,104.615,35.0,5.0
1994298_2007106,336,287,500,1.0538 ,1994/10/25,07:18:42.300,27.329,129.284,33.0,5.0
,,,,,2007/04/16,09:04:54.810,27.453,129.255,30.4,5.0
1994298_2014162,179,296,-131,0.6705 ,1994/10/25,07:18:42.300,27.329,129.284,33.0,5.0
,,,,,2014/06/11,07:30:59.800,27.427,129.286,30.6,5.0
1994299_2009005,178,235,-305,-12.2656 ,1994/10/26,03:31:16.810,-27.520,-176.909,168.3,5.4
,,,,,2009/01/05,22:27:13.890,-27.480,-176.706,47.0,5.4
1994304_2000278,145,291,357,0.1783 ,1994/10/31,23:04:07.690,-17.876,-172.883,33.0,5.5
,,,,,2000/10/04,15:39:27.710,-17.747,-173.199,33.0,5.1
1994317_2011125,493,242,132,5.5466 ,1994/11/13,09:07:12.180,-0.221,124.424,35.3,5.2
,,,,,2011/05/05,08:45:29.000,-0.199,124.483,73.0,5.0
1994354_2012262,340,280,-81,1.8947 ,1994/12/20,11:08:50.670,-6.134,103.933,37.0,5.5
,,,,,2012/09/18,03:23:45.840,-6.169,103.739,35.0,5.2
1995001_1996177,288,294,67,-0.1998 ,1995/01/01,12:30:05.300,40.049,142.686,42.0,5.2
,,,,,1996/06/25,21:37:02.680,39.971,142.839,44.9,5.0
1995001_2002101,102,221,-95,-1.2349 ,1995/01/01,12:30:05.300,40.049,142.686,42.0,5.2
,,,,,2002/04/11,12:04:13.480,39.987,142.813,35.9,5.3
1995001_2011122,0,309,-328,1.0180 ,1995/01/01,12:30:05.300,40.049,142.686,42.0,5.2
,,,,,2011/05/02,21:25:49.540,40.102,142.564,32.3,5.1
1995001_2014016,229,274,-29,1.7420 ,1995/01/01,12:30:05.300,40.049,142.686,42.0,5.2
,,,,,2014/01/16,01:12:17.710,40.115,142.818,51.8,5.1
1995005_2009174,79,273,-269,1.7577 ,1995/01/05,12:07:36.750,39.209,143.510,29.5,5.2
,,,,,2009/06/23,07:24:13.380,39.203,143.463,28.0,5.1
1995009_2017173,374,313,101,-1.0112 ,1995/01/09,18:54:20.650,46.165,152.233,28.7,5.2
,,,,,2017/06/22,22:36:19.480,46.205,152.266,9.6,5.0
1995020_2010249,272,360,-88,1.3274 ,1995/01/20,00:55:22.160,-10.990,162.145,26.5,5.8
,,,,,2010/09/06,13:46:26.410,-10.965,162.173,25.5,5.7
1995096_2014277,474,311,-327,4.4645 ,1995/04/06,20:47:48.970,10.927,125.971,38.4,5.4
,,,,,2014/10/04,17:38:42.340,10.921,125.961,63.7,5.2
1995106_1999026,89,149,-51,-0.6721 ,1995/04/16,20:36:09.020,-21.017,-174.386,31.5,5.2
,,,,,1999/01/26,07:04:20.900,-21.100,-174.486,33.0,5.2
1995106_2003185,424,277,281,-0.7007 ,1995/04/16,20:36:09.020,-21.017,-174.386,31.5,5.2
,,,,,2003/07/04,01:15:56.550,-20.962,-174.541,33.0,5.3
1995111_1995145,13,318,-104,0.7889 ,1995/04/21,03:05:31.490,12.122,125.668,25.0,5.1
,,,,,1995/05/25,01:31:11.120,12.122,125.670,30.0,5.0
1995114_2003075,492,314,41,-0.5640 ,1995/04/24,06:08:08.540,12.226,125.840,30.3,5.5
,,,,,2003/03/16,09:00:27.050,12.181,125.826,30.4,5.4
1995180_2011109,226,289,99,-2.0933 ,1995/06/29,01:27:02.890,-33.912,-72.319,41.1,5.1
,,,,,2011/04/19,05:50:45.370,-33.846,-72.151,13.1,5.1
1995201_2007344,344,168,-24,2.6323 ,1995/07/20,11:13:37.960,0.522,-80.091,33.0,5.0
,,,,,2007/12/10,18:19:07.370,0.589,-80.007,38.9,5.1
1995230_2007044,117,157,-399,1.9099 ,1995/08/18,20:17:25.300,-6.609,154.680,33.0,5.4
,,,,,2007/02/13,10:56:58.380,-6.655,154.655,33.0,5.4
1995318_2003183,251,272,-499,1.9695 ,1995/11/14,06:32:55.750,-3.682,101.924,57.0,5.1
,,,,,2003/07/02,00:47:11.860,-3.643,102.060,75.2,5.1
1996065_2005249,65,197,40,1.4068 ,1996/03/05,17:32:10.180,24.033,122.241,33.0,5.9
,,,,,2005/09/06,01:16:02.350,24.084,122.191,32.0,5.8
1996088_2009194,70,170,-139,0.7795 ,1996/03/28,17:53:22.400,24.338,122.143,38.9,5.0
,,,,,2009/07/13,20:28:54.920,24.093,122.116,37.2,5.0
1996123_2008070,320,197,-50,3.7651 ,1996/05/02,05:45:12.640,31.793,131.629,38.4,5.2
,,,,,2008/03/10,01:44:33.130,31.793,131.462,53.8,5.1
1996162_1996206,100,344,-312,2.6088 ,1996/06/10,06:11:49.130,51.580,-177.035,33.0,5.0
,,,,,1996/07/24,23:53:22.420,51.701,-177.124,54.6,5.1
1996162_2016166,227,319,-136,4.0249 ,1996/06/10,06:11:49.130,51.580,-177.035,33.0,5.0
,,,,,2016/06/14,17:13:27.520,51.628,-177.053,54.2,5.1
1996163_2000168,369,190,-242,-0.0125 ,1996/06/11,16:38:36.710,51.486,-178.321,33.0,5.2
,,,,,2000/06/16,23:33:49.980,51.433,-178.346,33.0,5.0
1996177_2002101,152,141,-105,-1.0445 ,1996/06/25,21:37:02.680,39.971,142.839,44.9,5.0
,,,,,2002/04/11,12:04:13.480,39.987,142.813,35.9,5.3
1996177_2008152,196,125,-153,0.6132 ,1996/06/25,21:37:02.680,39.971,142.839,44.9,5.0
,,,,,2008/05/31,14:28:35.100,39.983,142.604,33.5,5.0
1996177_2011122,43,360,-393,1.2018 ,1996/06/25,21:37:02.680,39.971,142.839,44.9,5.0
,,,,,2011/05/02,21:25:49.540,40.102,142.564,32.3,5.1
1996177_2011354,64,144,-107,3.4730 ,1996/06/25,21:37:02.680,39.971,142.839,44.9,5.0
,,,,,2011/12/20,06:26:23.210,40.099,142.559,52.7,5.1
1996177_2014016,90,139,-25,1.9376 ,1996/06/25,21:37:02.680,39.971,142.839,44.9,5.0
,,,,,2014/01/16,01:12:17.710,40.115,142.818,51.8,5.1
1996206_2016166,185,275,-492,1.4917 ,1996/07/24,23:53:22.420,51.701,-177.124,54.6,5.1
,,,,,2016/06/14,17:13:27.520,51.628,-177.053,54.2,5.1
1996276_2010227,422,101,-125,2.5780 ,1996/10/02,16:00:20.440,53.417,160.388,33.0,5.4
,,,,,2010/08/15,02:10:38.390,53.557,160.121,40.3,5.5
1996280_2014054,373,57,367,-1.6964 ,1996/10/06,10:02:42.110,-9.785,118.002,53.8,5.4
,,,,,2014/02/23,21:21:15.390,-9.817,117.957,33.7,5.0
1996290_2012334,299,115,6,-1.7608 ,1996/10/16,08:42:12.390,13.924,-92.063,33.0,5.2
,,,,,2012/11/29,19:32:31.750,13.757,-92.113,10.0,5.5
1996361_2010306,347,64,-129,-6.1924 ,1996/12/26,19:34:11.570,-5.360,151.357,107.1,5.8
,,,,,2010/11/02,06:39:55.060,-5.355,151.556,35.0,5.8
1997018_1999275,27,65,22,-1.1727 ,1997/01/18,17:13:50.680,24.179,122.668,55.6,5.0
,,,,,1999/10/02,17:14:17.810,24.069,122.434,44.7,5.2
1997018_2002258,379,152,-27,-1.5832 ,1997/01/18,17:13:50.680,24.179,122.668,55.6,5.0
,,,,,2002/09/15,01:06:55.800,24.098,122.463,36.0,5.1
1997018_2004315,353,138,-64,2.1232 ,1997/01/18,17:13:50.680,24.179,122.668,55.6,5.0
,,,,,2004/11/10,14:48:06.920,24.076,122.344,56.8,5.1
1997040_2005120,252,321,424,-2.5618 ,1997/02/09,23:11:04.670,-20.235,-173.629,39.8,5.0
,,,,,2005/04/30,08:28:37.570,-19.990,-173.680,10.0,5.0
1997071_2002171,469,165,-224,0.1838 ,1997/03/12,01:55:00.980,-23.452,-175.510,33.0,5.0
,,,,,2002/06/20,05:26:10.640,-23.473,-175.518,33.0,5.1
1997076_2003317,115,169,16,-0.5864 ,1997/03/17,09:23:17.010,41.897,142.110,76.5,5.1
,,,,,2003/11/13,22:39:20.580,41.857,142.117,74.4,5.0
1997076_2016270,93,138,-133,-0.0711 ,1997/03/17,09:23:17.010,41.897,142.110,76.5,5.1
,,,,,2016/09/26,02:24:37.740,41.880,142.204,64.0,5.0
1997098_2014171,245,337,95,-1.6315 ,1997/04/08,15:14:23.300,52.060,-171.408,45.9,5.5
,,,,,2014/06/20,12:16:46.370,51.769,-171.254,41.9,5.4
1997101_2011125,123,346,198,-1.6110 ,1997/04/11,12:01:45.470,26.124,128.500,33.0,5.5
,,,,,2011/05/05,23:21:22.100,26.124,128.398,10.0,5.5
1997117_2006347a,217,309,138,-1.5088 ,1997/04/27,14:09:08.810,46.150,153.135,33.0,5.2
,,,,,2006/12/13,01:57:43.100,46.166,152.966,10.0,5.0
1997117_2008063,123,296,357,-1.0488 ,1997/04/27,14:09:08.810,46.150,153.135,33.0,5.2
,,,,,2008/03/03,11:22:35.660,46.257,152.931,10.0,5.3
1997125_2010314,371,280,230,0.3639 ,1997/05/05,05:44:17.380,14.906,119.889,33.0,5.5
,,,,,2010/11/10,10:30:15.660,14.923,119.868,21.0,5.5
1997128_2011122,159,334,-113,-1.6974 ,1997/05/08,14:01:10.240,12.267,-87.204,59.1,5.6
,,,,,2011/05/02,23:55:39.470,12.129,-87.470,28.0,5.4
1997170_2002155,175,138,81,0.4638 ,1997/06/19,10:05:19.930,24.852,125.285,49.1,5.0
,,,,,2002/06/04,17:20:57.090,24.850,125.353,48.9,5.1
1997170_2007265,286,56,30,2.6041 ,1997/06/19,10:05:19.930,24.852,125.285,49.1,5.0
,,,,,2007/09/22,08:00:18.940,24.855,125.267,54.4,5.1
1997170_2014260,0,300,57,1.0216 ,1997/06/19,10:05:19.930,24.852,125.285,49.1,5.0
,,,,,2014/09/17,23:18:55.450,24.841,125.351,42.8,5.4
1997190_2014132,205,290,148,0.4168 ,1997/07/09,09:36:07.010,35.434,139.989,64.0,5.1
,,,,,2014/05/12,23:35:02.310,35.597,140.059,55.3,5.1
1997245_2007016,114,64,130,-1.2215 ,1997/09/02,00:19:48.070,41.250,142.566,54.8,5.1
,,,,,2007/01/16,12:52:36.960,41.182,142.714,29.9,5.0
1997252_2007265,157,310,-348,1.9300 ,1997/09/09,05:45:47.370,5.789,-77.516,21.4,5.1
,,,,,2007/09/22,11:44:39.330,5.759,-77.437,24.3,5.0
1997264_2008231,113,189,-87,2.1127 ,1997/09/21,22:03:04.940,51.992,-170.566,33.0,5.2
,,,,,2008/08/18,02:21:19.070,52.146,-170.600,30.7,5.2
1997264_2017126,135,287,-283,1.6889 ,1997/09/21,22:03:04.940,51.992,-170.566,33.0,5.2
,,,,,2017/05/06,20:43:19.300,52.112,-170.543,31.7,5.2
1997267_2004133,365,319,271,-1.6318 ,1997/09/24,15:16:28.340,-21.024,-174.273,33.0,5.1
,,,,,2004/05/12,18:08:48.130,-20.741,-174.397,10.0,5.1
1997267_2007006,436,218,85,1.9065 ,1997/09/24,15:16:28.340,-21.024,-174.273,33.0,5.1
,,,,,2007/01/06,11:10:20.340,-20.829,-174.391,33.1,5.1
1997267_2014275,186,266,154,-2.3123 ,1997/09/24,15:16:28.340,-21.024,-174.273,33.0,5.1
,,,,,2014/10/02,07:02:05.150,-20.931,-174.290,10.0,5.1
1997268_2016078,451,191,-258,2.0125 ,1997/09/25,19:54:03.150,-12.496,166.468,33.0,5.6
,,,,,2016/03/18,12:49:12.910,-12.511,166.621,29.0,5.5
1997293_2006231,202,271,489,4.9109 ,1997/10/20,05:14:40.310,-25.611,-176.815,33.0,5.3
,,,,,2006/08/19,10:28:07.600,-25.624,-176.815,64.9,5.2
1997320_2012172,194,285,387,2.6881 ,1997/11/16,08:18:16.360,-4.956,103.189,58.3,5.3
,,,,,2012/06/20,09:59:04.590,-4.928,103.194,69.5,5.2
1997327_2000156,434,242,38,0.0872 ,1997/11/23,08:35:47.710,-5.405,102.523,33.0,5.1
,,,,,2000/06/04,17:38:03.060,-5.291,102.693,33.0,5.1
1998042_2011261,81,114,-115,1.2255 ,1998/02/11,02:25:44.390,41.995,142.317,74.8,5.2
,,,,,2011/09/18,10:39:48.400,42.036,142.315,69.4,5.1
1998080_2010254,376,237,-376,4.8171 ,1998/03/21,02:18:54.000,-4.253,-80.709,33.0,5.0
,,,,,2010/09/11,18:55:25.730,-4.244,-80.584,61.6,5.2
1998102_2005287,292,122,120,1.5656 ,1998/04/12,18:35:09.060,-23.718,-176.041,33.0,5.5
,,,,,2005/10/14,03:36:45.970,-23.713,-176.024,33.9,5.5
1998113_2006198,220,273,186,2.5156 ,1998/04/23,08:53:12.660,-17.690,-173.299,33.0,5.4
,,,,,2006/07/17,22:31:49.110,-17.669,-173.257,35.0,5.3
1998113_2014256,388,297,225,-1.9602 ,1998/04/23,08:53:12.660,-17.690,-173.299,33.0,5.4
,,,,,2014/09/13,18:22:14.020,-17.712,-173.126,11.0,5.4
1998129_2003021,129,321,-108,-0.5553 ,1998/05/09,11:42:11.640,13.621,-90.724,33.0,5.4
,,,,,2003/01/21,07:06:53.200,13.563,-90.858,33.0,5.4
1998134_2004046,59,301,260,1.1973 ,1998/05/14,20:03:17.660,-20.119,169.276,49.2,5.2
,,,,,2004/02/15,00:01:30.710,-20.033,169.226,46.6,5.2
1998134_2008192,306,322,-364,3.4761 ,1998/05/14,20:03:17.660,-20.119,169.276,49.2,5.2
,,,,,2008/07/10,16:01:06.490,-20.081,169.205,69.5,5.1
1998134_2011289,340,287,-194,5.5428 ,1998/05/14,20:03:17.660,-20.119,169.276,49.2,5.2
,,,,,2011/10/16,04:24:45.080,-20.040,169.144,81.1,5.1
1998134_2015290,326,262,-213,1.8665 ,1998/05/14,20:03:17.660,-20.119,169.276,49.2,5.2
,,,,,2015/10/17,21:02:30.450,-20.114,169.226,43.4,5.3
1998143_2015145,231,315,-378,3.8513 ,1998/05/23,15:44:37.710,-6.283,154.943,33.0,5.2
,,,,,2015/05/25,04:48:21.710,-6.419,155.003,44.0,5.4
1998172_2005069,122,360,273,2.1401 ,1998/06/21,08:03:54.240,12.853,-88.463,69.6,5.2
,,,,,2005/03/10,13:37:48.780,12.932,-88.419,68.5,5.1
1998172_2009186,308,145,298,1.6740 ,1998/06/21,08:03:54.240,12.853,-88.463,69.6,5.2
,,,,,2009/07/05,10:35:50.900,12.850,-88.497,62.1,5.0
1998229_2010223,364,74,-416,-2.8610 ,1998/08/17,12:43:39.840,-7.580,107.199,76.6,5.4
,,,,,2010/08/11,19:10:21.430,-7.495,107.058,37.4,5.3
1998231_2002040,348,163,379,-3.6442 ,1998/08/19,06:55:11.050,-3.998,151.580,33.0,5.2
,,,,,2002/02/09,22:50:47.810,-3.734,151.305,10.0,5.3
1998263_2015188,315,195,-43,-4.8579 ,1998/09/20,06:30:46.630,-35.630,-179.844,52.9,5.5
,,,,,2015/07/07,05:35:14.530,-35.425,-179.621,10.0,5.6
1998281_2004283,190,288,-271,4.7652 ,1998/10/08,21:23:27.030,-4.877,103.104,33.0,5.2
,,,,,2004/10/09,08:17:07.370,-4.885,103.100,61.9,5.0
1998281_2009304,341,133,-266,4.5147 ,1998/10/08,21:23:27.030,-4.877,103.104,33.0,5.2
,,,,,2009/10/31,22:50:03.660,-5.003,102.979,67.5,5.0
1998289_2010263,87,360,10,1.2799 ,1998/10/16,07:26:46.890,-33.769,-72.214,33.0,5.0
,,,,,2010/09/20,05:42:56.690,-33.643,-71.928,30.4,5.1
1998301_2010328,233,197,254,1.7452 ,1998/10/28,21:39:52.970,11.985,143.528,33.0,5.4
,,,,,2010/11/24,11:59:40.610,11.966,143.576,35.0,5.2
1998341_2008215,123,133,27,3.0614 ,1998/12/07,09:01:18.050,29.289,130.332,42.3,5.2
,,,,,2008/08/02,04:03:27.700,29.355,130.284,54.7,5.1
1998341_2017012,170,217,-315,-1.8583 ,1998/12/07,15:53:29.550,-5.157,102.957,49.1,5.2
,,,,,2017/01/12,13:29:06.300,-5.267,102.724,22.9,5.5
1999026_2003185,167,345,-355,0.0573 ,1999/01/26,07:04:20.900,-21.100,-174.486,33.0,5.2
,,,,,2003/07/04,01:15:56.550,-20.962,-174.541,33.0,5.3
1999032_2010214,237,140,-269,3.3221 ,1999/02/01,16:35:31.140,-6.474,104.721,33.0,5.2
,,,,,2010/08/02,23:13:29.800,-6.498,104.618,41.7,5.4
1999040_2004254,100,324,2,0.9229 ,1999/02/09,00:19:37.140,42.328,142.983,59.1,5.1
,,,,,2004/09/10,04:22:10.110,42.392,142.954,51.8,5.0
1999040_2010014,113,185,75,1.6666 ,1999/02/09,00:19:37.140,42.328,142.983,59.1,5.1
,,,,,2010/01/14,18:46:25.100,42.338,142.991,60.1,5.0
1999051_2013357,83,267,225,0.6625 ,1999/02/20,10:50:12.750,35.380,142.094,33.0,5.3
,,,,,2013/12/23,09:25:12.290,35.503,142.302,17.4,5.1
1999056_2013264,252,294,237,0.5559 ,1999/02/25,08:41:17.740,52.228,173.962,33.0,5.1
,,,,,2013/09/21,22:58:22.800,52.279,173.781,25.4,5.1
1999115_2008067,63,219,43,-2.0683 ,1999/04/25,12:27:05.270,36.441,140.473,81.7,5.3
,,,,,2008/03/07,16:54:57.170,36.453,140.612,57.0,5.2
1999115_2016209,131,189,-106,-2.0507 ,1999/04/25,12:27:05.270,36.441,140.473,81.7,5.3
,,,,,2016/07/27,14:47:17.010,36.492,140.758,46.0,5.3
1999150_2006214,282,147,262,-1.0034 ,1999/05/30,04:41:36.280,-5.424,152.411,56.7,5.0
,,,,,2006/08/02,23:44:24.160,-5.463,152.479,37.8,5.0
1999178_2005120,38,236,-324,-1.8544 ,1999/06/27,14:01:39.150,-20.105,-173.692,33.0,5.2
,,,,,2005/04/30,08:28:37.570,-19.990,-173.680,10.0,5.0
1999178_2012235,154,276,-211,2.1800 ,1999/06/27,14:01:39.150,-20.105,-173.692,33.0,5.2
,,,,,2012/08/22,10:13:57.470,-20.038,-173.661,35.0,5.1
1999207_2012060,93,284,9,2.8663 ,1999/07/26,21:22:01.970,49.255,156.275,33.0,5.1
,,,,,2012/02/29,01:22:52.650,49.282,156.200,46.8,5.0
1999213_2009111,227,308,331,2.1717 ,1999/08/01,20:10:54.380,52.303,-173.381,51.1,5.3
,,,,,2009/04/21,08:37:28.080,52.257,-173.436,55.5,5.2
1999232_2011194,59,347,-58,-1.7611 ,1999/08/20,20:19:01.070,-21.417,-174.525,33.0,5.1
,,,,,2011/07/13,07:25:16.160,-21.511,-174.360,10.0,5.2
1999249_2007234,289,264,342,0.3739 ,1999/09/06,03:14:58.270,-7.067,154.727,62.4,5.3
,,,,,2007/08/22,09:34:50.740,-7.042,154.789,49.5,5.0
1999249_2014102,219,242,416,-4.8195 ,1999/09/06,03:14:58.270,-7.067,154.727,62.4,5.3
,,,,,2014/04/12,10:55:41.640,-6.973,154.803,14.1,5.0
1999249_2014116,235,232,211,-1.5011 ,1999/09/06,03:14:58.270,-7.067,154.727,62.4,5.3
,,,,,2014/04/26,16:03:50.510,-7.001,154.813,35.6,5.0
1999262_2006352,252,253,405,5.3393 ,1999/09/19,19:59:24.050,-6.816,154.609,33.0,5.3
,,,,,2006/12/18,23:46:16.790,-6.809,154.576,61.9,5.3
1999269_2013305,142,232,92,3.7440 ,1999/09/26,23:38:38.620,44.589,148.204,61.0,5.1
,,,,,2013/11/01,16:30:14.300,44.631,148.180,77.7,5.2
1999275_2010199,423,119,-469,-0.3533 ,1999/10/02,17:14:17.810,24.069,122.434,44.7,5.2
,,,,,2010/07/18,13:03:24.500,24.131,122.470,26.9,5.1
2000029_2014195,131,63,-9,0.0080 ,2000/01/29,08:13:10.730,-8.633,111.137,60.7,5.4
,,,,,2014/07/14,05:05:03.200,-8.819,111.253,52.5,5.5
2000050_2010054,82,251,77,2.0166 ,2000/02/19,19:31:37.360,49.656,155.859,48.2,5.4
,,,,,2010/02/23,10:43:10.260,49.702,155.789,48.4,5.3
2000055_2002233,111,143,-176,-1.9158 ,2000/02/24,13:32:26.280,51.459,-178.379,50.2,5.1
,,,,,2002/08/21,17:11:14.410,51.476,-178.354,33.0,5.1
2000076_2014101,489,183,184,-1.1674 ,2000/03/16,07:11:18.510,-6.956,155.043,33.0,5.0
,,,,,2014/04/11,10:30:28.960,-6.877,155.137,16.1,5.1
2000081_2002013,108,360,-38,-2.9234 ,2000/03/21,22:36:39.780,-5.463,152.106,64.0,5.3
,,,,,2002/01/13,16:23:30.140,-5.422,152.111,38.5,5.1
2000081_2008173,94,254,214,2.5704 ,2000/03/21,22:36:39.780,-5.463,152.106,64.0,5.3
,,,,,2008/06/21,07:28:44.540,-5.396,152.067,70.6,5.1
2000089_2016196,438,277,-496,1.9228 ,2000/03/29,07:47:01.210,-27.958,-176.458,10.0,5.2
,,,,,2016/07/14,02:24:02.360,-27.896,-176.347,10.0,5.1
2000104_2012245,127,69,119,1.8978 ,2000/04/13,13:12:53.780,10.280,126.552,33.0,5.4
,,,,,2012/09/01,00:25:02.670,10.229,126.450,35.0,5.3
2000157_2006075,107,179,-18,-0.2508 ,2000/06/05,17:43:24.020,-7.359,106.664,33.0,5.1
,,,,,2006/03/16,05:43:09.700,-7.366,106.720,20.3,5.0
2000157_2012315,253,250,-481,4.2211 ,2000/06/05,17:43:24.020,-7.359,106.664,33.0,5.1
,,,,,2012/11/10,06:05:27.190,-7.373,106.666,49.5,5.1
2000161_2001045,48,135,-192,-0.0701 ,2000/06/09,06:47:32.180,-5.013,102.723,33.0,5.1
,,,,,2001/02/14,01:39:31.490,-5.023,102.727,33.0,5.2
2000166_2012144,185,67,-300,2.1023 ,2000/06/14,14:11:07.350,46.640,152.587,33.0,5.5
,,,,,2012/05/23,20:25:58.200,46.660,152.557,34.0,5.3
2000166_2015347,63,198,-83,4.8710 ,2000/06/14,14:11:07.350,46.640,152.587,33.0,5.5
,,,,,2015/12/13,01:52:17.690,46.724,152.586,56.7,5.3
2000210_2008136,237,211,-14,1.8792 ,2000/07/28,04:28:08.190,-20.679,-174.082,33.0,5.1
,,,,,2008/05/15,14:06:15.330,-20.839,-174.062,35.0,5.1
2000210_2012319,279,252,209,-1.9772 ,2000/07/28,04:28:08.190,-20.679,-174.082,33.0,5.1
,,,,,2012/11/14,07:41:53.210,-20.739,-174.079,10.0,5.2
2000210_2016348,465,277,283,-5.1189 ,2000/07/28,04:28:08.190,-20.679,-174.082,33.0,5.1
,,,,,2016/12/13,23:51:31.140,-20.612,-173.631,10.0,5.2
2000216_2010271,110,277,-360,-1.4725 ,2000/08/03,17:01:57.700,11.804,143.130,33.0,5.1
,,,,,2010/09/28,03:15:03.030,11.884,143.241,10.9,5.0
2000216_2016123,113,305,-147,-0.8660 ,2000/08/03,17:01:57.700,11.804,143.130,33.0,5.1
,,,,,2016/05/02,05:24:42.170,11.851,143.337,10.0,5.3
2000217_2011175a,500,81,-295,1.9917 ,2000/08/04,03:11:49.970,-12.723,66.171,10.0,5.0
,,,,,2011/06/24,05:12:10.180,-12.715,66.354,10.0,5.1
2000236_2012306,249,357,-260,-3.4971 ,2000/08/23,05:14:06.790,51.298,-179.680,56.3,5.2
,,,,,2012/11/01,09:50:59.090,51.011,-179.699,9.0,5.1
2000242_2005124,52,12,35,2.4375 ,2000/08/29,07:14:48.470,3.113,96.438,33.0,5.0
,,,,,2005/05/04,00:44:50.540,3.047,96.382,40.2,5.1
2000278_2006013,311,135,-470,-2.0893 ,2000/10/04,15:39:27.710,-17.747,-173.199,33.0,5.1
,,,,,2006/01/13,09:17:56.910,-17.757,-173.216,10.0,5.4
2000278_2008132,445,244,325,2.0370 ,2000/10/04,15:39:27.710,-17.747,-173.199,33.0,5.1
,,,,,2008/05/11,05:49:22.450,-17.740,-173.283,38.8,5.4
2000286_2011315,175,207,-398,-1.5234 ,2000/10/12,02:22:09.750,-17.685,-173.010,33.0,5.4
,,,,,2011/11/11,15:02:19.930,-17.708,-173.095,10.0,5.6
2000329_2004143,126,317,-223,0.9017 ,2000/11/24,17:27:11.160,-20.508,-174.367,35.3,5.4
,,,,,2004/05/22,07:36:57.020,-20.522,-174.254,33.1,5.4
2000329_2009192,94,217,15,1.0129 ,2000/11/24,17:27:11.160,-20.508,-174.367,35.3,5.4
,,,,,2009/07/11,12:35:21.830,-20.672,-174.215,35.0,5.3
2000329_2012169,99,216,-167,-2.4495 ,2000/11/24,17:27:11.160,-20.508,-174.367,35.3,5.4
,,,,,2012/06/17,17:26:26.940,-20.588,-174.311,10.0,5.3
2000338_2013111,281,243,98,1.1543 ,2000/12/03,12:55:16.700,51.666,-178.156,43.2,5.7
,,,,,2013/04/21,13:48:29.450,51.663,-178.239,44.0,5.6
2001007_2009212,117,76,-90,-1.4794 ,2001/01/07,12:55:46.890,-8.703,108.893,33.0,5.4
,,,,,2009/07/31,14:56:16.480,-8.795,108.744,17.5,5.4
2001009_2011148,450,143,-120,0.9948 ,2001/01/09,12:53:15.520,-11.446,165.670,33.0,5.3
,,,,,2011/05/28,16:47:11.180,-11.502,165.797,35.0,5.1
2001033_2013165,184,127,330,-0.8087 ,2001/02/02,14:47:55.090,5.636,-82.631,10.0,5.3
,,,,,2013/06/14,17:56:45.320,5.300,-82.617,10.0,5.2
2001047_2008292,166,153,-173,6.7120 ,2001/02/16,23:38:03.710,-6.080,104.680,33.0,5.0
,,,,,2008/10/18,18:41:32.150,-6.058,104.751,77.5,5.1
2001058_2008156,69,222,-75,1.8624 ,2001/02/27,12:10:32.460,-22.653,-175.059,33.0,5.2
,,,,,2008/06/04,21:28:24.980,-22.569,-175.102,34.5,5.2
2001064_2006203,345,340,-152,-1.1563 ,2001/03/05,21:24:49.310,-9.760,108.822,33.0,5.1
,,,,,2006/07/22,03:05:11.200,-9.687,108.821,10.0,5.2
2001064_2006321,335,359,-58,-1.4605 ,2001/03/05,21:24:49.310,-9.760,108.822,33.0,5.1
,,,,,2006/11/17,00:57:58.970,-9.778,108.905,10.0,5.0
2001064_2015132,177,195,-34,-1.8934 ,2001/03/05,21:24:49.310,-9.760,108.822,33.0,5.1
,,,,,2015/05/12,06:27:03.550,-10.022,108.732,10.0,5.1
2001077_2011184,136,76,307,-4.6180 ,2001/03/18,15:43:21.310,12.540,-87.399,95.5,5.7
,,,,,2011/07/03,06:34:36.870,12.326,-87.620,36.0,5.7
2001090_2010357,327,171,-200,0.3455 ,2001/03/31,02:26:33.470,4.049,96.088,50.7,5.1
,,,,,2010/12/23,00:01:37.690,3.931,95.916,41.8,5.4
2001111_2008006,56,2,-22,-4.8533 ,2001/04/21,15:41:31.600,-4.748,103.097,88.7,5.1
,,,,,2008/01/06,10:06:32.780,-4.867,103.096,35.0,5.1
2001125_2009242,358,64,-137,-3.0160 ,2001/05/05,18:06:55.820,14.813,-93.658,33.0,5.2
,,,,,2009/08/30,09:19:43.760,14.567,-93.574,10.0,5.1
2001127_2007220,37,60,-92,0.5261 ,2001/05/07,14:32:52.170,27.315,128.346,55.7,5.2
,,,,,2007/08/08,15:19:42.560,27.385,128.346,47.0,5.2
2001127_2013064,95,160,-75,1.0643 ,2001/05/07,14:32:52.170,27.315,128.346,55.7,5.2
,,,,,2013/03/05,20:32:45.540,27.386,128.304,51.1,5.3
2001134_2012237,195,275,-92,-1.6628 ,2001/05/14,02:32:38.110,-27.173,-176.898,33.0,5.7
,,,,,2012/08/24,04:43:48.350,-27.311,-176.807,16.0,5.7
2001147_2006137,351,33,155,-6.3607 ,2001/05/27,21:17:50.080,-4.333,102.840,100.0,5.1
,,,,,2006/05/17,03:48:19.650,-4.457,102.736,38.8,5.0
2001147_2010204,247,116,-299,-6.5415 ,2001/05/27,21:17:50.080,-4.333,102.840,100.0,5.1
,,,,,2010/07/23,14:34:13.250,-4.533,102.451,35.0,5.1
2001190_2005323,101,79,-78,4.0680 ,2001/07/09,04:43:21.840,-30.197,-177.911,33.0,5.0
,,,,,2005/11/19,18:09:38.730,-30.015,-177.925,51.6,5.2
2001277_2011211,188,257,168,0.3853 ,2001/10/04,16:57:29.450,34.920,141.598,42.9,5.2
,,,,,2011/07/30,13:21:34.560,34.825,141.601,35.0,5.0
2001299_2014164,68,32,-187,3.9044 ,2001/10/26,08:44:28.310,30.554,141.755,33.0,5.0
,,,,,2014/06/13,05:50:49.790,30.699,141.835,47.2,5.0
2001310_2014141,280,87,304,-1.1806 ,2001/11/06,06:12:53.830,-30.437,-71.155,61.4,5.1
,,,,,2014/05/21,09:00:53.210,-30.452,-71.311,36.2,5.1
2002006_2011260,230,319,52,3.9575 ,2002/01/06,01:33:39.720,48.776,154.964,44.7,5.2
,,,,,2011/09/17,08:59:30.470,48.909,154.739,61.9,5.2
2002013_2008173,147,284,261,5.4818 ,2002/01/13,16:23:30.140,-5.422,152.111,38.5,5.1
,,,,,2008/06/21,07:28:44.540,-5.396,152.067,70.6,5.1
2002015_2013242,491,208,-330,4.1247 ,2002/01/15,13:04:05.850,-18.195,168.152,10.0,5.2
,,,,,2013/08/30,11:35:09.510,-18.366,168.203,27.1,5.0
2002027_2006254,321,355,-86,-1.8082 ,2002/01/27,03:04:14.500,-21.697,-174.553,33.0,5.3
,,,,,2006/09/11,20:59:27.390,-21.537,-174.525,10.0,5.3
2002040_2002161,139,131,-333,2.3666 ,2002/02/09,22:50:47.810,-3.734,151.305,10.0,5.3
,,,,,2002/06/10,16:24:17.270,-3.801,151.380,33.0,5.3
2002048_2007199,430,282,-12,0.8905 ,2002/02/17,10:23:01.380,-5.875,104.590,33.0,5.2
,,,,,2007/07/18,19:37:31.460,-5.954,104.537,30.0,5.1
2002052_2007348,146,220,-127,1.4944 ,2002/02/21,00:30:54.140,-26.796,-176.374,33.0,5.2
,,,,,2007/12/14,18:24:44.710,-26.631,-176.454,35.0,5.1
2002101_2008152,71,0,-84,1.6580 ,2002/04/11,12:04:13.480,39.987,142.813,35.9,5.3
,,,,,2008/05/31,14:28:35.100,39.983,142.604,33.5,5.0
2002101_2011122,110,360,-125,2.2321 ,2002/04/11,12:04:13.480,39.987,142.813,35.9,5.3
,,,,,2011/05/02,21:25:49.540,40.102,142.564,32.3,5.1
2002101_2011354,83,325,-50,4.5248 ,2002/04/11,12:04:13.480,39.987,142.813,35.9,5.3
,,,,,2011/12/20,06:26:23.210,40.099,142.559,52.7,5.1
2002101_2014016,39,0,25,2.9841 ,2002/04/11,12:04:13.480,39.987,142.813,35.9,5.3
,,,,,2014/01/16,01:12:17.710,40.115,142.818,51.8,5.1
2002116_2009005,248,348,12,3.0056 ,2002/04/26,02:12:56.640,-27.441,-176.702,33.0,5.5
,,,,,2009/01/05,22:27:13.890,-27.480,-176.706,47.0,5.4
2002129_2011053,11,356,-65,-0.5530 ,2002/05/09,16:37:34.840,26.440,128.851,33.0,5.2
,,,,,2011/02/22,04:56:19.740,26.419,128.706,16.1,5.1
2002155_2014260,229,295,137,0.5460 ,2002/06/04,17:20:57.090,24.850,125.353,48.9,5.1
,,,,,2014/09/17,23:18:55.450,24.841,125.351,42.8,5.4
2002171_2006322,127,152,-139,2.8160 ,2002/06/20,05:26:10.640,-23.473,-175.518,33.0,5.1
,,,,,2006/11/18,21:45:11.170,-23.497,-175.545,42.0,5.0
2002171_2009281,271,95,148,2.9752 ,2002/06/20,03:02:36.950,-12.012,166.106,33.0,5.3
,,,,,2009/10/08,18:10:49.900,-12.035,165.978,35.0,5.2
2002187_2012317,247,186,-118,-2.1663 ,2002/07/06,00:07:08.400,-17.638,-173.198,33.0,5.4
,,,,,2012/11/12,14:58:09.650,-17.631,-173.090,10.0,5.1
2002187_2017200,90,239,-84,-2.8726 ,2002/07/06,00:07:08.400,-17.638,-173.198,33.0,5.4
,,,,,2017/07/19,17:11:44.250,-17.569,-172.886,5.4,5.2
2002199_2009125,96,315,-317,2.2687 ,2002/07/18,14:26:51.630,-58.688,-25.275,33.0,5.0
,,,,,2009/05/05,06:16:07.350,-58.704,-25.115,36.2,5.1
2002248_2009247,43,211,-9,1.7574 ,2002/09/05,00:14:42.090,-6.199,104.876,43.7,5.2
,,,,,2009/09/04,00:52:08.110,-6.286,104.794,46.0,5.1
2002248_2017312,132,150,-454,-0.1143 ,2002/09/05,00:14:42.090,-6.199,104.876,43.7,5.2
,,,,,2017/11/08,19:17:06.960,-6.507,104.615,35.0,5.0
2002258_2004315,0,219,-61,3.7132 ,2002/09/15,01:06:55.800,24.098,122.463,36.0,5.1
,,,,,2004/11/10,14:48:06.920,24.076,122.344,56.8,5.1
2002275_2013284,55,341,-34,2.2582 ,2002/10/02,21:10:07.910,-5.859,103.029,33.0,5.1
,,,,,2013/10/11,13:12:57.830,-5.798,103.088,37.6,5.3
2002276_2010316,35,145,23,1.6725 ,2002/10/03,15:56:41.130,54.564,161.515,53.8,5.2
,,,,,2010/11/12,06:31:13.250,54.650,161.361,52.6,5.0
2002294_2017046,105,238,-64,4.3980 ,2002/10/21,12:15:22.700,-7.374,107.356,65.5,5.1
,,,,,2017/02/15,18:53:38.570,-7.516,107.388,77.3,5.0
2002333_2014344,148,227,-377,-1.4373 ,2002/11/29,05:49:40.850,-18.454,-173.251,33.0,5.2
,,,,,2014/12/10,12:49:51.850,-18.493,-173.077,10.0,5.0
2003101_2008097,62,160,-30,1.8610 ,2003/04/11,17:57:16.550,-20.113,168.645,33.0,5.1
,,,,,2008/04/06,18:48:15.190,-20.081,168.575,35.0,5.1
2003101_2008153,92,258,-18,3.8694 ,2003/04/11,17:57:16.550,-20.113,168.645,33.0,5.1
,,,,,2008/06/01,22:30:50.880,-20.062,168.601,45.5,5.2
2003101_2011148,106,78,-95,2.5712 ,2003/04/11,17:57:16.550,-20.113,168.645,33.0,5.1
,,,,,2011/05/28,06:42:06.570,-20.057,168.527,37.8,5.1
2003137_2011141,118,82,-143,0.1310 ,2003/05/17,14:33:09.670,35.591,140.551,50.0,5.4
,,,,,2011/05/21,22:06:26.390,35.597,140.492,37.0,5.6
2003137_2017050,239,167,-66,1.7007 ,2003/05/17,14:33:09.670,35.591,140.551,50.0,5.4
,,,,,2017/02/19,09:19:31.080,35.662,140.752,42.0,5.4
2003142_2013019,189,318,-161,-1.3302 ,2003/05/22,17:45:37.630,11.302,125.459,71.6,5.2
,,,,,2013/01/19,13:48:02.480,11.252,125.386,43.0,5.3
2003149_2017154,145,277,-3,1.5048 ,2003/05/29,05:59:07.660,50.878,157.301,49.4,5.3
,,,,,2017/06/03,11:47:23.270,50.816,157.345,44.0,5.3
2003183_2008055,250,67,39,-2.2228 ,2003/07/02,00:47:11.860,-3.643,102.060,75.2,5.1
,,,,,2008/02/24,04:36:29.250,-3.741,101.986,44.2,5.2
2003185_2008053,42,280,-39,2.2257 ,2003/07/04,01:15:56.550,-20.962,-174.541,33.0,5.3
,,,,,2008/02/22,15:26:51.360,-20.993,-174.527,35.0,5.1
2003185_2013170,139,342,-73,2.5443 ,2003/07/04,01:15:56.550,-20.962,-174.541,33.0,5.3
,,,,,2013/06/19,09:39:33.960,-21.022,-174.438,41.5,5.1
2003185_2017186,113,285,-178,2.1354 ,2003/07/04,01:15:56.550,-20.962,-174.541,33.0,5.3
,,,,,2017/07/05,23:29:45.290,-20.881,-174.382,35.0,5.1
2003196_2012054,413,268,203,3.5123 ,2003/07/15,09:25:58.800,-5.139,151.826,45.0,5.3
,,,,,2012/02/23,13:25:30.190,-5.197,151.926,68.6,5.1
2003242_2015255,305,278,191,1.7231 ,2003/08/30,10:06:39.970,41.864,142.552,51.9,5.5
,,,,,2015/09/12,13:38:01.860,41.897,142.652,49.0,5.4
2003268_2004086,236,41,131,-1.3765 ,2003/09/25,21:02:52.630,41.807,144.231,33.0,5.5
,,,,,2004/03/26,16:26:38.080,41.810,144.303,12.8,5.0
2003279_2009153,170,267,85,1.8230 ,2003/10/06,13:28:57.520,-17.919,167.730,33.0,5.0
,,,,,2009/06/02,16:01:37.150,-17.873,167.810,35.0,5.0
2003284_2009066,285,354,-32,1.6843 ,2003/10/11,18:26:18.600,41.746,143.683,33.0,5.6
,,,,,2009/03/07,14:33:04.910,41.796,143.693,32.7,5.3
2003317_2016270,93,124,-32,0.5095 ,2003/11/13,22:39:20.580,41.857,142.117,74.4,5.0
,,,,,2016/09/26,02:24:37.740,41.880,142.204,64.0,5.0
2004028_2017030,160,310,49,-3.6021 ,2004/01/28,02:50:00.350,9.816,125.914,91.0,5.1
,,,,,2017/01/30,02:43:55.790,9.935,126.035,53.3,5.1
2004032_2012281,146,299,-94,-4.2975 ,2004/02/01,21:06:32.140,-5.547,151.708,73.2,5.2
,,,,,2012/10/07,08:36:32.180,-5.530,151.794,35.0,5.3
2004046_2008192,245,322,82,2.1894 ,2004/02/15,00:01:30.710,-20.033,169.226,46.6,5.2
,,,,,2008/07/10,16:01:06.490,-20.081,169.205,69.5,5.1
2004046_2011289,249,276,81,4.2703 ,2004/02/15,00:01:30.710,-20.033,169.226,46.6,5.2
,,,,,2011/10/16,04:24:45.080,-20.040,169.144,81.1,5.1
2004076_2015183,89,247,-362,2.0210 ,2004/03/16,06:09:22.820,-32.218,-177.878,10.0,5.1
,,,,,2015/07/02,19:22:42.200,-31.955,-178.027,16.3,5.0
2004080_2012114,86,302,-93,1.6397 ,2004/03/20,00:10:42.140,-23.880,-175.962,10.0,5.0
,,,,,2012/04/23,10:57:19.650,-24.007,-175.934,20.1,5.0
2004133_2014275,55,316,-144,-0.6978 ,2004/05/12,18:08:48.130,-20.741,-174.397,10.0,5.1
,,,,,2014/10/02,07:02:05.150,-20.931,-174.290,10.0,5.1
2004140_2013027,49,67,-61,-0.0459 ,2004/05/19,21:04:14.750,27.338,128.321,60.1,5.0
,,,,,2013/01/27,20:57:35.470,27.314,128.348,60.6,5.2
2004143_2009192,92,115,157,0.1211 ,2004/05/22,07:36:57.020,-20.522,-174.254,33.1,5.4
,,,,,2009/07/11,12:35:21.830,-20.672,-174.215,35.0,5.3
2004143_2012169,135,150,219,-3.3914 ,2004/05/22,07:36:57.020,-20.522,-174.254,33.1,5.4
,,,,,2012/06/17,17:26:26.940,-20.588,-174.311,10.0,5.3
2004191_2012258,183,114,198,-0.4852 ,2004/07/09,15:37:53.210,-39.536,-16.072,10.0,5.1
,,,,,2012/09/14,06:56:16.840,-39.644,-16.021,10.0,5.1
2004233_2012058,226,95,-80,1.9065 ,2004/08/20,17:37:53.710,23.934,123.374,26.0,5.4
,,,,,2012/02/27,01:11:48.390,23.873,123.355,40.1,5.2
2004247_2009065,41,254,-42,-1.0111 ,2004/09/03,12:16:49.690,-15.192,-173.375,10.0,5.6
,,,,,2009/03/06,07:01:48.040,-15.156,-173.309,3.0,5.8
2004251_2011019,83,284,-93,-3.1288 ,2004/09/07,10:57:39.700,-33.969,-72.418,36.3,5.2
,,,,,2011/01/19,05:20:00.000,-33.960,-72.453,12.9,5.3
2004251_2014216,364,232,41,-0.3682 ,2004/09/07,03:23:02.830,0.111,98.729,59.7,5.2
,,,,,2014/08/04,12:09:47.510,0.156,98.629,56.0,5.0
2004252_2012324,188,345,-41,-1.0608 ,2004/09/08,08:16:01.200,-33.988,-72.318,31.9,5.1
,,,,,2012/11/19,16:45:50.370,-33.928,-72.170,11.2,5.1
2004254_2010014,94,132,-94,0.7551 ,2004/09/10,04:22:10.110,42.392,142.954,51.8,5.0
,,,,,2010/01/14,18:46:25.100,42.338,142.991,60.1,5.0
2004283_2009304,153,182,42,-0.2721 ,2004/10/09,08:17:07.370,-4.885,103.100,61.9,5.0
,,,,,2009/10/31,22:50:03.660,-5.003,102.979,67.5,5.0
2004283_2015197,193,323,-130,-3.9916 ,2004/10/09,22:07:48.750,14.629,146.898,44.7,5.3
,,,,,2015/07/16,13:02:07.280,14.609,146.919,10.0,5.3
2004283_2017341,229,241,-460,-1.4562 ,2004/10/09,08:17:07.370,-4.885,103.100,61.9,5.0
,,,,,2017/12/07,15:16:35.310,-5.028,102.949,53.4,5.3
2004315_2010199,21,88,14,-3.6956 ,2004/11/10,14:48:06.920,24.076,122.344,56.8,5.1
,,,,,2010/07/18,13:03:24.500,24.131,122.470,26.9,5.1
2004361_2004365,0,213,126,-0.0279 ,2004/12/26,03:40:15.640,5.532,94.334,30.0,5.6
,,,,,2004/12/30,04:27:36.730,5.535,94.299,30.0,5.2
2004361_2005029,0,86,-4,0.0334 ,2004/12/26,03:40:15.640,5.532,94.334,30.0,5.6
,,,,,2005/01/29,18:20:58.570,5.512,94.322,30.0,5.2
2004361_2005044,83,279,10,0.2259 ,2004/12/26,04:02:55.730,4.983,94.720,47.9,5.8
,,,,,2005/02/13,01:22:09.310,5.079,94.794,48.8,5.3
2004361_2005129,87,184,-152,-0.1124 ,2004/12/26,03:51:12.360,5.049,94.771,30.0,5.7
,,,,,2005/05/09,01:30:52.510,5.099,94.843,30.0,5.2
2004361_2008065,37,101,58,3.0236 ,2004/12/26,03:51:12.360,5.049,94.771,30.0,5.7
,,,,,2008/03/05,17:04:07.700,5.080,94.825,56.4,5.0
2004361_2010272,161,203,-119,2.6850 ,2004/12/26,03:51:12.360,5.049,94.771,30.0,5.7
,,,,,2010/09/29,11:33:32.150,4.998,94.736,54.9,5.0
2004362_2005029,148,47,-99,-3.5153 ,2004/12/27,06:01:52.240,7.940,93.483,58.2,5.0
,,,,,2005/01/29,23:14:30.370,7.959,93.509,30.0,5.0
2004362_2006133,78,210,410,0.3503 ,2004/12/27,00:32:16.480,5.476,94.467,33.0,5.8
,,,,,2006/05/13,03:11:41.610,5.521,94.432,34.0,5.7
2004364_2011022,287,190,-29,1.6430 ,2004/12/29,10:52:52.000,2.799,95.566,23.2,5.4
,,,,,2011/01/22,07:34:17.490,2.887,95.521,28.3,5.2
2004365_2005029,54,42,-145,0.0602 ,2004/12/30,04:27:36.730,5.535,94.299,30.0,5.2
,,,,,2005/01/29,18:20:58.570,5.512,94.322,30.0,5.2
2004365_2005277,55,114,-21,2.2364 ,2004/12/30,04:27:36.730,5.535,94.299,30.0,5.2
,,,,,2005/10/04,12:23:25.160,5.559,94.277,44.6,5.0
2004366_2005044,20,162,-78,-0.0440 ,2004/12/31,14:38:46.620,5.113,94.857,49.4,5.4
,,,,,2005/02/13,01:22:09.310,5.079,94.794,48.8,5.3
2004366_2005129,75,323,21,2.8768 ,2004/12/31,10:58:21.470,5.030,94.834,13.0,5.2
,,,,,2005/05/09,01:30:52.510,5.099,94.843,30.0,5.2
2004366_2005204,24,183,0,0.0438 ,2004/12/31,14:38:46.620,5.113,94.857,49.4,5.4
,,,,,2005/07/23,22:53:35.080,5.113,94.802,48.1,5.3
2004366_2010272,111,221,1,5.6889 ,2004/12/31,10:58:21.470,5.030,94.834,13.0,5.2
,,,,,2010/09/29,11:33:32.150,4.998,94.736,54.9,5.0
2004366_2010273,167,88,110,0.6965 ,2004/12/31,14:38:46.620,5.113,94.857,49.4,5.4
,,,,,2010/09/30,09:54:10.160,5.045,94.736,55.0,5.2
2004366_2015203,143,65,54,-2.6162 ,2004/12/31,14:38:46.620,5.113,94.857,49.4,5.4
,,,,,2015/07/22,05:35:39.440,5.056,94.716,23.7,5.2
2005002_2005026,20,154,18,-0.1111 ,2005/01/02,19:35:25.910,5.348,94.343,47.5,5.1
,,,,,2005/01/26,23:43:28.670,5.336,94.327,47.2,5.1
2005005_2012157,160,274,-81,2.9655 ,2005/01/05,14:34:31.320,5.588,94.759,30.0,5.3
,,,,,2012/06/05,11:01:20.000,5.482,94.672,54.4,5.3
2005007_2011200,216,150,401,1.2308 ,2005/01/07,05:27:32.990,-30.936,-177.646,18.0,5.3
,,,,,2011/07/19,02:20:35.650,-30.715,-177.820,17.4,5.3
2005029_2005277,43,174,3,2.1897 ,2005/01/29,18:20:58.570,5.512,94.322,30.0,5.2
,,,,,2005/10/04,12:23:25.160,5.559,94.277,44.6,5.0
2005031_2009066,63,66,-176,1.3409 ,2005/01/31,09:39:47.570,41.834,143.643,21.9,5.4
,,,,,2009/03/07,14:33:04.910,41.796,143.693,32.7,5.3
2005037_2005183,319,232,89,0.3913 ,2005/02/06,04:24:18.630,13.855,93.580,35.6,5.4
,,,,,2005/07/02,18:12:21.880,13.849,93.607,39.7,5.1
2005037_2008218,206,267,23,0.2980 ,2005/02/06,04:24:18.630,13.855,93.580,35.6,5.4
,,,,,2008/08/05,10:08:11.950,13.865,93.581,35.0,5.2
2005037_2012331,13,259,13,2.2892 ,2005/02/06,04:24:18.630,13.855,93.580,35.6,5.4
,,,,,2012/11/26,23:13:52.470,13.850,93.637,53.7,5.1
2005037_2015163,128,100,225,2.4980 ,2005/02/06,04:24:18.630,13.855,93.580,35.6,5.4
,,,,,2015/06/12,18:29:30.290,14.012,93.578,48.6,5.2
2005044_2005204,0,95,50,0.0902 ,2005/02/13,01:22:09.310,5.079,94.794,48.8,5.3
,,,,,2005/07/23,22:53:35.080,5.113,94.802,48.1,5.3
2005044_2006259,129,358,177,0.4311 ,2005/02/13,01:22:09.310,5.079,94.794,48.8,5.3
,,,,,2006/09/16,06:17:46.880,5.124,94.779,49.0,5.2
2005044_2010273,55,360,-19,0.7601 ,2005/02/13,01:22:09.310,5.079,94.794,48.8,5.3
,,,,,2010/09/30,09:54:10.160,5.045,94.736,55.0,5.2
2005044_2015203,188,360,-237,-2.5333 ,2005/02/13,01:22:09.310,5.079,94.794,48.8,5.3
,,,,,2015/07/22,05:35:39.440,5.056,94.716,23.7,5.2
2005069_2009186,120,155,-160,-0.4694 ,2005/03/10,13:37:48.780,12.932,-88.419,68.5,5.1
,,,,,2009/07/05,10:35:50.900,12.850,-88.497,62.1,5.0
2005071_2006225,52,113,45,-3.3186 ,2005/03/12,22:33:14.410,5.478,94.693,59.5,5.1
,,,,,2006/08/13,08:41:46.440,5.519,94.663,30.0,5.1
2005071_2007175,79,71,101,-3.4703 ,2005/03/12,22:33:14.410,5.478,94.693,59.5,5.1
,,,,,2007/06/24,13:47:36.580,5.423,94.585,30.0,5.0
2005071_2008129,42,228,15,-2.6108 ,2005/03/12,22:33:14.410,5.478,94.693,59.5,5.1
,,,,,2008/05/08,11:31:23.880,5.507,94.703,35.0,5.0
2005071_2009240,95,121,94,-0.7874 ,2005/03/12,22:33:14.410,5.478,94.693,59.5,5.1
,,,,,2009/08/28,16:45:18.250,5.475,94.659,55.3,5.0
2005071_2010352,79,133,62,-0.4438 ,2005/03/12,22:33:14.410,5.478,94.693,59.5,5.1
,,,,,2010/12/18,22:56:43.080,5.420,94.667,55.2,5.0
2005071_2014216,147,360,-153,-0.2564 ,2005/03/12,22:33:14.410,5.478,94.693,59.5,5.1
,,,,,2014/08/04,10:36:09.830,5.399,94.653,57.0,5.3
2005071_2016353,90,360,-57,-0.9706 ,2005/03/12,22:33:14.410,5.478,94.693,59.5,5.1
,,,,,2016/12/18,19:24:43.690,5.411,94.611,50.7,5.3
2005083_2016075,77,360,-165,-2.9767 ,2005/03/24,06:08:38.490,-55.985,-27.078,69.9,5.0
,,,,,2016/03/15,13:35:17.740,-56.015,-27.058,41.0,5.2
2005087_2006102,0,217,-31,0.9202 ,2005/03/28,20:35:17.420,1.751,97.132,27.3,5.1
,,,,,2006/04/12,14:39:04.120,1.654,97.070,37.8,5.0
2005116_2005225,241,32,299,1.2853 ,2005/04/26,17:18:23.560,1.357,97.173,22.4,5.2
,,,,,2005/08/13,18:27:23.440,1.367,97.207,30.0,5.0
2005116_2011051,38,84,23,2.4975 ,2005/04/26,17:18:23.560,1.357,97.173,22.4,5.2
,,,,,2011/02/20,14:32:24.870,1.360,97.198,40.4,5.3
2005120_2012235,120,330,-30,4.0683 ,2005/04/30,08:28:37.570,-19.990,-173.680,10.0,5.0
,,,,,2012/08/22,10:13:57.470,-20.038,-173.661,35.0,5.1
2005120_2016353,111,1,-39,-3.0896 ,2005/04/30,08:28:37.570,-19.990,-173.680,10.0,5.0
,,,,,2016/12/18,19:17:40.650,-19.937,-173.164,10.0,5.4
2005129_2005244,49,360,-44,-0.1662 ,2005/05/09,01:30:52.510,5.099,94.843,30.0,5.2
,,,,,2005/09/01,16:42:39.550,5.074,94.795,30.0,5.1
2005129_2006343,78,219,-59,0.2495 ,2005/05/09,01:30:52.510,5.099,94.843,30.0,5.2
,,,,,2006/12/09,09:24:46.750,5.080,94.752,30.0,5.1
2005129_2010272,51,161,4,2.8034 ,2005/05/09,01:30:52.510,5.099,94.843,30.0,5.2
,,,,,2010/09/29,11:33:32.150,4.998,94.736,54.9,5.0
2005129_2012232,66,132,37,1.5237 ,2005/05/09,01:30:52.510,5.099,94.843,30.0,5.2
,,,,,2012/08/19,01:57:03.640,5.063,94.753,40.6,5.2
2005129_2015189,186,72,340,1.6078 ,2005/05/09,01:30:52.510,5.099,94.843,30.0,5.2
,,,,,2015/07/08,00:38:56.010,4.995,94.735,34.3,5.3
2005171_2013307,193,331,236,-1.5483 ,2005/06/20,07:16:16.770,26.081,128.448,28.2,5.3
,,,,,2013/11/03,12:16:56.220,26.091,128.417,19.2,5.4
2005183_2008218,150,350,-122,-0.0825 ,2005/07/02,18:12:21.880,13.849,93.607,39.7,5.1
,,,,,2008/08/05,10:08:11.950,13.865,93.581,35.0,5.2
2005183_2015163,297,61,123,2.1128 ,2005/07/02,18:12:21.880,13.849,93.607,39.7,5.1
,,,,,2015/06/12,18:29:30.290,14.012,93.578,48.6,5.2
2005204_2006259,0,318,26,0.3580 ,2005/07/23,22:53:35.080,5.113,94.802,48.1,5.3
,,,,,2006/09/16,06:17:46.880,5.124,94.779,49.0,5.2
2005204_2010273,93,49,-14,0.6643 ,2005/07/23,22:53:35.080,5.113,94.802,48.1,5.3
,,,,,2010/09/30,09:54:10.160,5.045,94.736,55.0,5.2
2005204_2015203,137,60,127,-2.6707 ,2005/07/23,22:53:35.080,5.113,94.802,48.1,5.3
,,,,,2015/07/22,05:35:39.440,5.056,94.716,23.7,5.2
2005225_2011051,77,172,-22,1.1736 ,2005/08/13,18:27:23.440,1.367,97.207,30.0,5.0
,,,,,2011/02/20,14:32:24.870,1.360,97.198,40.4,5.3
2005244_2006075,0,250,-26,2.7921 ,2005/09/01,16:42:39.550,5.074,94.795,30.0,5.1
,,,,,2006/03/16,15:12:16.410,5.072,94.778,50.2,5.0
2005244_2006343,118,209,-56,0.4160 ,2005/09/01,16:42:39.550,5.074,94.795,30.0,5.1
,,,,,2006/12/09,09:24:46.750,5.080,94.752,30.0,5.1
2005244_2010272,348,210,-245,3.0095 ,2005/09/01,16:42:39.550,5.074,94.795,30.0,5.1
,,,,,2010/09/29,11:33:32.150,4.998,94.736,54.9,5.0
2005244_2015189,143,73,499,1.7575 ,2005/09/01,16:42:39.550,5.074,94.795,30.0,5.1
,,,,,2015/07/08,00:38:56.010,4.995,94.735,34.3,5.3
2005254_2014357,119,284,-34,0.8770 ,2005/09/11,03:35:44.560,-6.638,155.104,29.0,5.0
,,,,,2014/12/23,21:19:51.430,-6.731,155.090,35.0,5.1
2005282_2011324,162,340,-215,-0.6927 ,2005/10/09,13:39:59.720,-23.113,-175.415,38.1,5.3
,,,,,2011/11/20,14:09:32.760,-23.053,-175.383,35.0,5.4
2005285_2010070,60,181,401,-4.6363 ,2005/10/12,23:10:10.800,-23.684,-175.928,42.8,5.0
,,,,,2010/03/11,23:20:15.890,-23.709,-175.802,14.7,5.3
2005289_2016199,472,322,163,0.3934 ,2005/10/16,07:05:41.610,36.014,139.773,40.3,5.0
,,,,,2016/07/17,04:24:01.860,36.005,139.923,40.2,5.0
2005316_2009206,107,143,36,1.0972 ,2005/11/12,18:54:13.840,1.863,97.036,30.0,5.2
,,,,,2009/07/25,18:41:58.040,1.869,97.020,39.2,5.2
2006001_2008134,57,120,58,-1.8072 ,2006/01/01,08:47:13.350,4.735,95.144,51.5,5.5
,,,,,2008/05/13,10:29:19.340,4.676,95.089,35.0,5.4
2006038_2017030,456,27,-149,0.5387 ,2006/02/07,09:10:27.580,-11.838,166.420,57.3,5.1
,,,,,2017/01/30,14:04:10.400,-11.804,166.459,58.0,5.1
2006057_2008005,18,298,-248,2.6030 ,2006/02/26,21:32:49.260,5.609,94.688,30.0,5.2
,,,,,2008/01/05,20:01:55.080,5.477,94.685,57.3,5.3
2006075_2008065,192,210,-82,0.5590 ,2006/03/16,15:12:16.410,5.072,94.778,50.2,5.0
,,,,,2008/03/05,17:04:07.700,5.080,94.825,56.4,5.0
2006075_2012315,51,233,-84,4.4287 ,2006/03/16,05:43:09.700,-7.366,106.720,20.3,5.0
,,,,,2012/11/10,06:05:27.190,-7.373,106.666,49.5,5.1
2006075_2015189,41,208,184,-0.9939 ,2006/03/16,15:12:16.410,5.072,94.778,50.2,5.0
,,,,,2015/07/08,00:38:56.010,4.995,94.735,34.3,5.3
2006109_2013170,120,89,-159,4.3220 ,2006/04/19,15:30:05.820,-20.957,-174.486,10.0,5.1
,,,,,2013/06/19,09:39:33.960,-21.022,-174.438,41.5,5.1
2006109_2017186,73,84,-62,3.8886 ,2006/04/19,15:30:05.820,-20.957,-174.486,10.0,5.1
,,,,,2017/07/05,23:29:45.290,-20.881,-174.382,35.0,5.1
2006130_2007106,272,128,35,-4.1513 ,2006/05/10,02:16:30.000,-21.318,-174.604,37.1,5.3
,,,,,2007/04/16,15:50:07.390,-21.315,-174.511,10.0,5.2
2006137_2010204,38,85,40,-0.2591 ,2006/05/17,03:48:19.650,-4.457,102.736,38.8,5.0
,,,,,2010/07/23,14:34:13.250,-4.533,102.451,35.0,5.1
2006153_2012270,155,237,174,-3.4870 ,2006/06/02,03:26:41.830,-21.241,-174.326,37.0,5.1
,,,,,2012/09/26,01:41:39.060,-21.205,-174.328,10.0,5.1
2006198_2014256,68,192,70,-4.4601 ,2006/07/17,22:31:49.110,-17.669,-173.257,35.0,5.3
,,,,,2014/09/13,18:22:14.020,-17.712,-173.126,11.0,5.4
2006203_2015132,100,96,458,-0.8194 ,2006/07/22,03:05:11.200,-9.687,108.821,10.0,5.2
,,,,,2015/05/12,06:27:03.550,-10.022,108.732,10.0,5.1
2006213_2014096,89,290,-77,-3.6445 ,2006/08/01,10:19:40.920,-19.180,-173.568,31.9,5.2
,,,,,2014/04/06,08:13:58.170,-19.162,-173.529,10.0,5.2
2006214_2013119,404,277,-153,0.5733 ,2006/08/02,18:13:59.420,3.966,95.967,45.7,5.0
,,,,,2013/04/29,13:42:59.670,3.886,95.918,61.1,5.0
2006214_2015128,132,355,-213,-0.1877 ,2006/08/02,23:44:24.160,-5.463,152.479,37.8,5.0
,,,,,2015/05/08,09:07:05.120,-5.488,152.628,40.4,5.1
2006225_2007175,42,173,-46,-0.1340 ,2006/08/13,08:41:46.440,5.519,94.663,30.0,5.1
,,,,,2007/06/24,13:47:36.580,5.423,94.585,30.0,5.0
2006225_2008129,104,262,-102,0.7140 ,2006/08/13,08:41:46.440,5.519,94.663,30.0,5.1
,,,,,2008/05/08,11:31:23.880,5.507,94.703,35.0,5.0
2006225_2009240,0,326,21,2.5329 ,2006/08/13,08:41:46.440,5.519,94.663,30.0,5.1
,,,,,2009/08/28,16:45:18.250,5.475,94.659,55.3,5.0
2006225_2010352,112,225,-28,2.8836 ,2006/08/13,08:41:46.440,5.519,94.663,30.0,5.1
,,,,,2010/12/18,22:56:43.080,5.420,94.667,55.2,5.0
2006225_2014216,80,314,-161,3.0639 ,2006/08/13,08:41:46.440,5.519,94.663,30.0,5.1
,,,,,2014/08/04,10:36:09.830,5.399,94.653,57.0,5.3
2006225_2016353,125,285,-81,2.3532 ,2006/08/13,08:41:46.440,5.519,94.663,30.0,5.1
,,,,,2016/12/18,19:24:43.690,5.411,94.611,50.7,5.3
2006247_2008006,14,360,63,2.8784 ,2006/09/04,01:03:49.750,-9.264,107.544,10.0,5.1
,,,,,2008/01/06,08:54:59.200,-9.291,107.487,29.8,5.1
2006259_2010273,126,102,103,0.2972 ,2006/09/16,06:17:46.880,5.124,94.779,49.0,5.2
,,,,,2010/09/30,09:54:10.160,5.045,94.736,55.0,5.2
2006301_2012349,80,198,-97,0.7985 ,2006/10/28,03:08:19.940,13.788,-91.643,37.1,5.0
,,,,,2012/12/14,04:58:48.460,13.824,-91.725,35.8,5.1
2006312_2008231,63,297,-89,0.0638 ,2006/11/08,08:22:31.480,47.190,154.014,36.8,5.1
,,,,,2008/08/18,01:46:32.490,47.264,153.930,35.0,5.1
2006321_2010028,186,142,-46,1.0807 ,2006/11/17,00:57:58.970,-9.778,108.905,10.0,5.0
,,,,,2010/01/28,04:01:18.210,-9.832,108.788,16.1,5.0
2006321_2015132,44,358,-30,-0.4586 ,2006/11/17,00:57:58.970,-9.778,108.905,10.0,5.0
,,,,,2015/05/12,06:27:03.550,-10.022,108.732,10.0,5.1
2006325_2013039,145,315,98,6.8612 ,2006/11/21,08:32:25.710,-6.216,154.748,31.7,5.6
,,,,,2013/02/08,17:59:53.820,-6.315,154.737,93.0,5.7
2006343_2010272,91,161,90,2.5587 ,2006/12/09,09:24:46.750,5.080,94.752,30.0,5.1
,,,,,2010/09/29,11:33:32.150,4.998,94.736,54.9,5.0
2006343_2012232,119,157,113,1.2824 ,2006/12/09,09:24:46.750,5.080,94.752,30.0,5.1
,,,,,2012/08/19,01:57:03.640,5.063,94.753,40.6,5.2
2006343_2015189,17,326,-133,1.4239 ,2006/12/09,09:24:46.750,5.080,94.752,30.0,5.1
,,,,,2015/07/08,00:38:56.010,4.995,94.735,34.3,5.3
2006347_2008063,177,358,-3,0.4826 ,2006/12/13,01:57:43.100,46.166,152.966,10.0,5.0
,,,,,2008/03/03,11:22:35.660,46.257,152.931,10.0,5.3
2007063_2012317,133,280,-161,-5.3370 ,2007/03/04,23:49:26.200,-17.566,-173.346,35.0,5.1
,,,,,2012/11/12,14:58:09.650,-17.631,-173.090,10.0,5.1
2007087_2016287,160,360,-43,0.5983 ,2007/03/28,14:28:54.710,25.497,-109.633,10.0,5.3
,,,,,2016/10/13,03:55:12.520,25.476,-109.735,24.0,5.3
2007110_2011125,124,221,-26,6.2971 ,2007/04/20,13:21:00.970,-0.140,124.416,20.9,5.1
,,,,,2011/05/05,08:45:29.000,-0.199,124.483,73.0,5.0
2007110_2016206,238,360,-151,6.7280 ,2007/04/20,00:39:18.990,-7.182,155.162,10.0,5.0
,,,,,2016/07/24,22:09:59.800,-7.192,155.140,56.3,5.2
2007110_2016270,168,157,-93,0.4117 ,2007/04/20,19:37:58.230,27.471,128.379,42.4,5.7
,,,,,2016/09/26,05:19:58.220,27.465,128.578,38.0,5.7
2007115_2010025,88,122,-65,5.0595 ,2007/04/25,10:06:49.460,46.634,152.586,10.0,5.0
,,,,,2010/01/25,00:07:52.570,46.701,152.547,48.2,5.0
2007174_2014053,2,167,-239,-3.6672 ,2007/06/23,16:47:30.720,1.192,97.328,51.2,5.0
,,,,,2014/02/22,17:27:59.300,1.077,97.236,28.0,5.1
2007175_2008129,29,325,-25,0.8485 ,2007/06/24,13:47:36.580,5.423,94.585,30.0,5.0
,,,,,2008/05/08,11:31:23.880,5.507,94.703,35.0,5.0
2007175_2009240,130,221,-35,2.6868 ,2007/06/24,13:47:36.580,5.423,94.585,30.0,5.0
,,,,,2009/08/28,16:45:18.250,5.475,94.659,55.3,5.0
2007175_2010352,98,217,-27,3.0251 ,2007/06/24,13:47:36.580,5.423,94.585,30.0,5.0
,,,,,2010/12/18,22:56:43.080,5.420,94.667,55.2,5.0
2007175_2016353,179,306,-127,2.4995 ,2007/06/24,13:47:36.580,5.423,94.585,30.0,5.0
,,,,,2016/12/18,19:24:43.690,5.411,94.611,50.7,5.3
2007199_2012211,168,242,-152,3.7449 ,2007/07/18,19:37:31.460,-5.954,104.537,30.0,5.1
,,,,,2012/07/29,14:21:18.430,-5.997,104.418,66.4,5.2
2007220_2013064,123,160,-64,0.5432 ,2007/08/08,15:19:42.560,27.385,128.346,47.0,5.2
,,,,,2013/03/05,20:32:45.540,27.386,128.304,51.1,5.3
2007234_2014102,61,58,-147,-5.1418 ,2007/08/22,09:34:50.740,-7.042,154.789,49.5,5.0
,,,,,2014/04/12,10:55:41.640,-6.973,154.803,14.1,5.0
2007234_2014116,88,360,-169,-1.8772 ,2007/08/22,09:34:50.740,-7.042,154.789,49.5,5.0
,,,,,2014/04/26,16:03:50.510,-7.001,154.813,35.6,5.0
2007255_2007335,426,255,-378,-0.1468 ,2007/09/12,22:02:26.660,-4.429,101.402,28.4,5.1
,,,,,2007/12/01,21:21:19.110,-4.454,101.365,27.4,5.1
2007256_2008206,36,247,-48,4.2760 ,2007/09/13,10:47:52.880,-3.432,101.659,35.0,5.1
,,,,,2008/07/24,13:21:50.540,-3.448,101.658,75.3,5.1
2007256_2008300,37,317,21,1.5396 ,2007/09/13,05:44:18.970,-3.723,100.688,28.9,5.0
,,,,,2008/10/26,10:27:37.490,-3.631,100.750,35.5,5.1
2007257_2008091,60,229,23,1.6981 ,2007/09/14,03:07:14.700,-2.919,101.145,40.0,5.1
,,,,,2008/03/31,13:30:56.860,-2.859,101.177,50.4,5.1
2007257_2009317,153,75,460,-1.5929 ,2007/09/14,23:44:35.210,-11.982,165.871,35.0,5.0
,,,,,2009/11/13,12:40:54.890,-12.033,166.109,35.0,5.0
2007263_2007358a,116,301,-20,-0.5427 ,2007/09/20,00:50:19.390,-4.303,101.229,27.1,5.0
,,,,,2007/12/24,20:56:20.200,-4.328,101.294,25.7,5.2
2007263_2011062,366,243,-125,-1.7171 ,2007/09/20,00:50:19.390,-4.303,101.229,27.1,5.0
,,,,,2011/03/03,04:30:15.770,-4.424,101.123,19.5,5.1
2007265_2014260,166,240,-216,-1.5520 ,2007/09/22,08:00:18.940,24.855,125.267,54.4,5.1
,,,,,2014/09/17,23:18:55.450,24.841,125.351,42.8,5.4
2007278_2012088,117,191,-197,-2.8224 ,2007/10/05,09:22:36.420,-4.376,101.337,35.0,5.1
,,,,,2012/03/28,08:54:16.230,-4.403,101.235,15.7,5.2
2007326_2012085,272,91,-64,-0.6889 ,2007/11/22,20:30:20.210,-19.161,168.750,40.1,5.1
,,,,,2012/03/25,20:45:45.700,-19.108,168.750,40.4,5.0
2007326_2013010,52,83,48,-1.6367 ,2007/11/22,23:02:12.960,4.743,95.060,49.3,5.8
,,,,,2013/01/10,13:47:03.780,4.720,95.095,38.0,5.7
2007330_2014168,390,239,320,0.1307 ,2007/11/26,15:03:42.100,1.091,97.103,35.0,5.0
,,,,,2014/06/17,16:04:43.050,1.177,97.066,36.2,5.0
2007331_2013162,41,92,-8,-0.3193 ,2007/11/27,15:46:10.850,-1.630,100.437,35.0,5.3
,,,,,2013/06/11,02:30:36.360,-1.780,100.281,35.4,5.0
2007341_2012108,69,252,-79,-1.6996 ,2007/12/07,08:09:24.810,5.457,94.666,72.8,5.0
,,,,,2012/04/17,03:24:26.410,5.373,94.621,60.0,5.1
2007358_2011062a,207,195,-83,-1.1868 ,2007/12/24,20:56:20.200,-4.328,101.294,25.7,5.2
,,,,,2011/03/03,04:30:15.770,-4.424,101.123,19.5,5.1
2008005_2012157,74,110,84,-0.1501 ,2008/01/05,20:01:55.080,5.477,94.685,57.3,5.3
,,,,,2012/06/05,11:01:20.000,5.482,94.672,54.4,5.3
2008006_2013234,367,302,187,4.1323 ,2008/01/06,10:06:32.780,-4.867,103.096,35.0,5.1
,,,,,2013/08/22,22:37:50.900,-4.733,103.045,69.0,5.1
2008019_2011238,341,282,-145,-0.1105 ,2008/01/19,19:24:59.830,36.428,70.767,204.8,5.2
,,,,,2011/08/26,20:32:40.930,36.445,70.727,202.4,5.3
2008053_2013170,22,100,3,0.3132 ,2008/02/22,15:26:51.360,-20.993,-174.527,35.0,5.1
,,,,,2013/06/19,09:39:33.960,-21.022,-174.438,41.5,5.1
2008053_2017186,0,159,-51,-0.1027 ,2008/02/22,15:26:51.360,-20.993,-174.527,35.0,5.1
,,,,,2017/07/05,23:29:45.290,-20.881,-174.382,35.0,5.1
2008059_2012306,90,127,-42,0.0617 ,2008/02/28,11:55:06.130,49.370,155.543,60.1,5.1
,,,,,2012/11/01,06:57:23.500,49.399,155.489,59.5,5.2
2008065_2010272,59,243,-34,-0.3597 ,2008/03/05,17:04:07.700,5.080,94.825,56.4,5.0
,,,,,2010/09/29,11:33:32.150,4.998,94.736,54.9,5.0
2008065_2012232,70,241,-56,-1.6321 ,2008/03/05,17:04:07.700,5.080,94.825,56.4,5.0
,,,,,2012/08/19,01:57:03.640,5.063,94.753,40.6,5.2
2008067_2016209,121,358,-92,0.0034 ,2008/03/07,16:54:57.170,36.453,140.612,57.0,5.2
,,,,,2016/07/27,14:47:17.010,36.492,140.758,46.0,5.3
2008074_2012064,56,104,328,-3.8150 ,2008/03/14,15:48:33.540,-22.281,-174.720,35.0,5.0
,,,,,2012/03/04,16:05:14.110,-22.309,-174.798,7.8,5.1
2008076_2010031,32,160,-38,1.6769 ,2008/03/16,23:05:25.580,-2.897,101.095,35.0,5.2
,,,,,2010/01/31,07:02:46.270,-2.878,100.906,50.7,5.0
2008097_2008153,42,244,-3,2.0090 ,2008/04/06,18:48:15.190,-20.081,168.575,35.0,5.1
,,,,,2008/06/01,22:30:50.880,-20.062,168.601,45.5,5.2
2008097_2011148,111,302,24,0.6917 ,2008/04/06,18:48:15.190,-20.081,168.575,35.0,5.1
,,,,,2011/05/28,06:42:06.570,-20.057,168.527,37.8,5.1
2008101_2014199,208,267,241,-1.6898 ,2008/04/10,13:25:29.660,-20.299,168.854,35.0,5.0
,,,,,2014/07/18,18:44:27.490,-20.482,168.761,28.4,5.1
2008122_2011056,76,60,-24,-0.5075 ,2008/05/01,17:44:54.680,-2.874,101.213,49.4,5.0
,,,,,2011/02/25,22:08:37.720,-3.047,100.996,50.1,5.1
2008124_2013044,44,156,-9,0.7106 ,2008/05/03,03:53:34.930,-3.015,101.319,50.4,5.3
,,,,,2013/02/13,11:00:24.850,-2.990,101.297,55.3,5.3
2008129_2009240,99,112,132,1.8187 ,2008/05/08,11:31:23.880,5.507,94.703,35.0,5.0
,,,,,2009/08/28,16:45:18.250,5.475,94.659,55.3,5.0
2008129_2010352,72,138,52,2.1688 ,2008/05/08,11:31:23.880,5.507,94.703,35.0,5.0
,,,,,2010/12/18,22:56:43.080,5.420,94.667,55.2,5.0
2008129_2011080,93,141,-64,0.7106 ,2008/05/08,21:18:43.350,36.275,142.029,31.8,5.0
,,,,,2011/03/21,05:54:12.510,36.252,142.014,35.0,5.0
2008129_2011148,49,174,54,0.7762 ,2008/05/08,21:18:43.350,36.275,142.029,31.8,5.0
,,,,,2011/05/28,13:46:07.930,36.287,142.021,35.0,5.0
2008129_2016353,99,360,-19,1.6368 ,2008/05/08,11:31:23.880,5.507,94.703,35.0,5.0
,,,,,2016/12/18,19:24:43.690,5.411,94.611,50.7,5.3
2008152_2011122,89,85,-67,0.5817 ,2008/05/31,14:28:35.100,39.983,142.604,33.5,5.0
,,,,,2011/05/02,21:25:49.540,40.102,142.564,32.3,5.1
2008152_2011354,28,0,-16,2.8725 ,2008/05/31,14:28:35.100,39.983,142.604,33.5,5.0
,,,,,2011/12/20,06:26:23.210,40.099,142.559,52.7,5.1
2008152_2014016,2,160,-19,1.3419 ,2008/05/31,14:28:35.100,39.983,142.604,33.5,5.0
,,,,,2014/01/16,01:12:17.710,40.115,142.818,51.8,5.1
2008153_2011148,52,105,-10,-1.3136 ,2008/06/01,22:30:50.880,-20.062,168.601,45.5,5.2
,,,,,2011/05/28,06:42:06.570,-20.057,168.527,37.8,5.1
2008176_2011170,169,102,-11,0.8259 ,2008/06/24,19:14:44.150,-3.185,101.433,49.0,5.1
,,,,,2011/06/19,04:15:58.980,-3.247,101.361,57.1,5.4
2008191_2012060,59,320,-8,3.7325 ,2008/07/09,02:34:43.520,-12.406,166.460,45.2,5.0
,,,,,2012/02/29,07:05:12.110,-12.543,166.487,80.7,5.1
2008192_2011289,99,200,-135,2.0982 ,2008/07/10,16:01:06.490,-20.081,169.205,69.5,5.1
,,,,,2011/10/16,04:24:45.080,-20.040,169.144,81.1,5.1
2008218_2012331,200,99,-19,1.9957 ,2008/08/05,10:08:11.950,13.865,93.581,35.0,5.2
,,,,,2012/11/26,23:13:52.470,13.850,93.637,53.7,5.1
2008218_2015163,433,26,126,2.1846 ,2008/08/05,10:08:11.950,13.865,93.581,35.0,5.2
,,,,,2015/06/12,18:29:30.290,14.012,93.578,48.6,5.2
2008231_2017126,102,243,-122,-0.4267 ,2008/08/18,02:21:19.070,52.146,-170.600,30.7,5.2
,,,,,2017/05/06,20:43:19.300,52.112,-170.543,31.7,5.2
2008235_2015218,84,89,-203,0.5999 ,2008/08/22,10:59:50.120,36.463,140.401,51.5,5.2
,,,,,2015/08/06,09:22:29.530,36.452,140.595,52.8,5.2
2008310_2017139,94,238,-96,-1.5579 ,2008/11/05,05:04:46.090,52.035,-170.538,30.0,5.3
,,,,,2017/05/19,01:21:42.220,52.002,-170.488,22.2,5.2
2009054_2016245,196,347,125,0.8362 ,2009/02/23,05:56:31.680,0.479,98.548,35.0,5.4
,,,,,2016/09/01,20:04:17.480,0.553,98.615,35.0,5.5
2009104_2015179,89,306,-70,0.6611 ,2009/04/14,22:44:45.000,19.328,-155.210,9.9,5.2
,,,,,2015/06/28,08:10:10.480,19.335,-155.209,8.6,5.2
2009192_2012169,11,190,-328,-3.4380 ,2009/07/11,12:35:21.830,-20.672,-174.215,35.0,5.3
,,,,,2012/06/17,17:26:26.940,-20.588,-174.311,10.0,5.3
2009206_2012223,82,335,-60,-3.9414 ,2009/07/25,18:41:58.040,1.869,97.020,39.2,5.2
,,,,,2012/08/10,04:41:40.250,1.901,96.965,8.0,5.1
2009240_2010352,62,230,-56,0.3469 ,2009/08/28,16:45:18.250,5.475,94.659,55.3,5.0
,,,,,2010/12/18,22:56:43.080,5.420,94.667,55.2,5.0
2009240_2016353,169,285,-231,-0.1741 ,2009/08/28,16:45:18.250,5.475,94.659,55.3,5.0
,,,,,2016/12/18,19:24:43.690,5.411,94.611,50.7,5.3
2009247_2017312,71,272,-68,-1.9202 ,2009/09/04,00:52:08.110,-6.286,104.794,46.0,5.1
,,,,,2017/11/08,19:17:06.960,-6.507,104.615,35.0,5.0
2009254_2017123,26,284,-217,0.1834 ,2009/09/11,08:12:03.750,-55.982,-26.644,35.0,5.0
,,,,,2017/05/03,17:24:54.480,-56.026,-26.695,34.5,5.3
2009288_2012060,255,1,134,5.2336 ,2009/10/15,19:20:16.570,-12.408,166.617,35.0,5.2
,,,,,2012/02/29,07:05:12.110,-12.543,166.487,80.7,5.1
2009336_2017171,47,41,-227,0.1869 ,2009/12/02,23:14:00.830,-56.156,-26.772,59.7,5.4
,,,,,2017/06/20,12:54:35.910,-56.259,-27.015,56.2,5.3
2009342_2014136,82,184,-69,-1.8419 ,2009/12/08,00:11:36.170,-4.803,103.105,73.3,5.0
,,,,,2014/05/16,21:20:24.000,-4.982,102.975,63.3,5.0
2010028_2015132,111,360,-5,-1.5399 ,2010/01/28,04:01:18.210,-9.832,108.788,16.1,5.0
,,,,,2015/05/12,06:27:03.550,-10.022,108.732,10.0,5.1
2010062_2011152,274,253,-500,-1.0043 ,2010/03/03,04:35:59.720,-37.582,-73.872,35.3,5.3
,,,,,2011/06/01,13:47:29.640,-37.489,-73.674,28.5,5.4
2010064_2010109,82,255,64,-1.2359 ,2010/03/05,10:31:23.390,-37.559,-73.643,37.1,5.2
,,,,,2010/04/19,07:32:48.890,-37.519,-73.680,25.8,5.2
2010070_2011206,119,131,252,-0.8703 ,2010/03/11,22:34:03.910,-37.705,-73.651,24.5,5.3
,,,,,2011/07/25,11:15:11.000,-37.714,-73.728,32.8,5.2
2010078_2015198,62,339,-289,2.8422 ,2010/03/19,08:54:44.000,-35.541,-73.475,14.4,5.5
,,,,,2015/07/17,11:11:22.780,-35.503,-73.222,10.0,5.2
2010194_2013323,0,335,-221,-3.7425 ,2010/07/13,22:21:05.270,1.369,97.182,42.9,5.0
,,,,,2013/11/19,20:22:43.750,1.294,97.117,16.4,5.1
2010237_2017213,283,208,124,-1.4681 ,2010/08/25,04:06:17.340,-49.496,117.320,10.0,5.0
,,,,,2017/08/01,17:20:25.130,-49.528,116.896,10.0,5.1
2010271_2016123,360,305,321,0.5927 ,2010/09/28,03:15:03.030,11.884,143.241,10.9,5.0
,,,,,2016/05/02,05:24:42.170,11.851,143.337,10.0,5.3
2010272_2012232,29,186,-16,-1.2723 ,2010/09/29,11:33:32.150,4.998,94.736,54.9,5.0
,,,,,2012/08/19,01:57:03.640,5.063,94.753,40.6,5.2
2010273_2015203,53,307,-83,-3.3099 ,2010/09/30,09:54:10.160,5.045,94.736,55.0,5.2
,,,,,2015/07/22,05:35:39.440,5.056,94.716,23.7,5.2
2010345_2014345,131,240,199,-4.8891 ,2010/12/11,20:35:02.600,-56.830,-25.411,46.5,5.0
,,,,,2014/12/11,18:16:50.380,-56.825,-25.257,10.0,5.1
2010352_2014216,21,360,-36,0.1721 ,2010/12/18,22:56:43.080,5.420,94.667,55.2,5.0
,,,,,2014/08/04,10:36:09.830,5.399,94.653,57.0,5.3
2010352_2016353,154,209,-270,-0.5223 ,2010/12/18,22:56:43.080,5.420,94.667,55.2,5.0
,,,,,2016/12/18,19:24:43.690,5.411,94.611,50.7,5.3
2010357_2013119,59,162,40,1.0647 ,2010/12/23,00:01:37.690,3.931,95.916,41.8,5.4
,,,,,2013/04/29,13:42:59.670,3.886,95.918,61.1,5.0
2011051_2015340,39,360,88,-2.8523 ,2011/02/20,09:17:11.900,-7.263,155.136,35.0,5.1
,,,,,2015/12/06,04:03:08.170,-7.235,155.042,11.1,5.3
2011059_2017127,0,343,-131,-0.8327 ,2011/02/28,23:10:26.600,3.973,95.958,63.2,5.0
,,,,,2017/05/07,11:29:19.150,3.931,95.869,49.3,5.0
2011080_2011148,16,137,-6,0.0800 ,2011/03/21,05:54:12.510,36.252,142.014,35.0,5.0
,,,,,2011/05/28,13:46:07.930,36.287,142.021,35.0,5.0
2011119_2011205,253,43,21,-0.1693 ,2011/04/29,22:19:33.370,38.859,141.916,59.2,5.2
,,,,,2011/07/24,15:07:10.970,38.855,141.993,62.4,5.1
2011122_2011354,64,241,-4,2.2990 ,2011/05/02,21:25:49.540,40.102,142.564,32.3,5.1
,,,,,2011/12/20,06:26:23.210,40.099,142.559,52.7,5.1
2011122_2014016,134,298,-38,0.7658 ,2011/05/02,21:25:49.540,40.102,142.564,32.3,5.1
,,,,,2014/01/16,01:12:17.710,40.115,142.818,51.8,5.1
2011141_2017050,191,237,46,1.5652 ,2011/05/21,22:06:26.390,35.597,140.492,37.0,5.6
,,,,,2017/02/19,09:19:31.080,35.662,140.752,42.0,5.4
2011289_2015290,134,360,42,-3.6863 ,2011/10/16,04:24:45.080,-20.040,169.144,81.1,5.1
,,,,,2015/10/17,21:02:30.450,-20.114,169.226,43.4,5.3
2011326_2014043,19,138,107,0.8317 ,2011/11/22,07:41:32.000,-34.762,-71.807,41.4,5.1
,,,,,2014/02/12,13:35:23.510,-34.748,-71.617,44.9,5.2
2011354_2014016,95,360,-77,-1.5270 ,2011/12/20,06:26:23.210,40.099,142.559,52.7,5.1
,,,,,2014/01/16,01:12:17.710,40.115,142.818,51.8,5.1
2012023_2014039,358,115,-154,-1.5287 ,2012/01/23,11:45:43.700,37.108,140.965,62.4,5.2
,,,,,2014/02/08,02:34:23.050,37.087,141.120,51.8,5.0
2012023_2015135,142,360,22,-3.4794 ,2012/01/23,11:45:43.700,37.108,140.965,62.4,5.2
,,,,,2015/05/15,03:30:34.360,37.046,141.203,38.0,5.1
2012081_2013015,51,136,-66,-0.8552 ,2012/03/21,02:54:40.000,16.460,-98.400,15.0,5.0
,,,,,2013/01/15,19:20:27.700,16.491,-98.491,12.2,5.0
2012141_2015162,77,360,106,0.0278 ,2012/05/20,08:20:57.950,39.619,143.175,10.0,5.3
,,,,,2015/06/11,04:56:32.160,39.610,143.241,10.0,5.4
2012157_2017017,8,312,-28,-2.0097 ,2012/06/05,11:01:20.000,5.482,94.672,54.4,5.3
,,,,,2017/01/17,11:48:46.330,5.418,94.558,35.0,5.1
2012232_2015189,117,334,-212,0.1388 ,2012/08/19,01:57:03.640,5.063,94.753,40.6,5.2
,,,,,2015/07/08,00:38:56.010,4.995,94.735,34.3,5.3
2012235_2016353,85,122,104,-7.1770 ,2012/08/22,10:13:57.470,-20.038,-173.661,35.0,5.1
,,,,,2016/12/18,19:17:40.650,-19.937,-173.164,10.0,5.4
2012319_2016348,23,182,70,-3.1466 ,2012/11/14,07:41:53.210,-20.739,-174.079,10.0,5.2
,,,,,2016/12/13,23:51:31.140,-20.612,-173.631,10.0,5.2
2012326_2013329,234,29,40,1.5553 ,2012/11/21,17:42:36.660,38.479,141.648,34.9,5.0
,,,,,2013/11/25,15:43:02.470,38.482,141.940,52.9,5.0
2012331_2015163,160,88,293,0.1975 ,2012/11/26,23:13:52.470,13.850,93.637,53.7,5.1
,,,,,2015/06/12,18:29:30.290,14.012,93.578,48.6,5.2
2013010_2014038,161,311,33,0.2039 ,2013/01/10,12:48:21.460,37.491,141.308,57.2,5.0
,,,,,2014/02/07,17:18:34.490,37.562,141.363,62.0,5.2
2013170_2017186,40,211,-55,-0.4139 ,2013/06/19,09:39:33.960,-21.022,-174.438,41.5,5.1
,,,,,2017/07/05,23:29:45.290,-20.881,-174.382,35.0,5.1
2014039_2015135,369,297,141,-1.9460 ,2014/02/08,02:34:23.050,37.087,141.120,51.8,5.0
,,,,,2015/05/15,03:30:34.360,37.046,141.203,38.0,5.1
2014102_2014116,31,297,-8,3.2719 ,2014/04/12,10:55:41.640,-6.973,154.803,14.1,5.0
,,,,,2014/04/26,16:03:50.510,-7.001,154.813,35.6,5.0
# "a The earlier event is set as the master event, but the catalog information of the later event is used for slowness computation in the relocation. The parameters listed below are the best-fitting results, but note the strong trade-off between the vertical seperation and the origin time correction (Yang and Song, 2021). The pairs with horizontal or vertical offset over 500 m or number of dt measurements below 10 have been discarded.",,,,,,,,,,
# "b Negative sign indicates that the later event is shallower, and vise versa.",,,,,,,,,,
# c Negative sign indicates that the origin time of the later event should be adjusted later.,,,,,,,,,,
